{
  "Modelo Base": {
    "accuracy": 0.7934782608695652,
    "precision": 0.7962962962962963,
    "recall": 0.8431372549019608,
    "f1": 0.8190476190476189,
    "roc_auc": 0.8757771401243424,
    "time_seconds": 1.0481799999834038,
    "tp": 86,
    "tn": 60,
    "fp": 22,
    "fn": 16
  },
  "Modelo Híbrido GA + MLP": {
    "accuracy": 0.8260869565217391,
    "precision": 0.8125,
    "recall": 0.8921568627450981,
    "f1": 0.8504672897196263,
    "roc_auc": 0.893352462936394,
    "time_seconds": 0.5854608999798074,
    "tp": 91,
    "tn": 61,
    "fp": 21,
    "fn": 11
  }
}